Date,SPY_Close,SPX_Close,Daily_Return,Drawdown
2020-01-02,299.4064636230469,3257.85009765625,,0.0
2020-01-03,297.13934326171875,3234.85009765625,-0.007572048825847721,-0.007572048825847769
2020-01-06,298.27294921875,3246.280029296875,0.0038150651629891286,-0.003785871522546591
2020-01-07,297.4342041015625,3237.179931640625,-0.0028120053105197274,-0.006587230942239952
2020-01-08,299.0194396972656,3253.050048828125,0.005329701741908055,-0.0012926371765591327
2020-01-09,301.04693603515625,3274.699951171875,0.006780483369052126,0.0
2020-01-10,300.1805725097656,3265.35009765625,-0.002877835386072336,-0.002877835386072327
2020-01-13,302.2451171875,3288.1298828125,0.006877675861808763,0.0
2020-01-14,301.7842102050781,3283.14990234375,-0.0015249443455390699,-0.001524944345539081
2020-01-15,302.4662170410156,3289.2900390625,0.002259915571706239,0.0
2020-01-16,304.98223876953125,3316.81005859375,0.008318356189096043,0.0
2020-01-17,305.9315185546875,3329.6201171875,0.0031125739944273256,0.0
2020-01-21,305.33245849609375,3320.7900390625,-0.0019581508352715105,-0.0019581508352715334
2020-01-22,305.3692932128906,3321.75,0.00012063806441764413,-0.0018377489983804108
2020-01-23,305.7195129394531,3325.5400390625,0.001146872767977758,-0.0006929838946832065
2020-01-24,303.0007629394531,3295.469970703125,-0.008892955421325843,-0.009579776641125916
2020-01-27,298.1437683105469,3243.6298828125,-0.01602964488203873,-0.025455861105558197
2020-01-28,301.26806640625,3276.239990234375,0.010479166186860844,-0.015243451117652245
2020-01-29,301.01922607421875,3273.39990234375,-0.0008259764634187539,-0.016056836849226576
2020-01-30,301.99615478515625,3283.659912109375,0.003245403038464545,-0.01286354471786069
2020-01-31,296.51251220703125,3225.52001953125,-0.01815798807778246,-0.03078795670401817
2020-02-03,298.7152099609375,3248.919921875,0.007428683995528207,-0.02358798670971207
2020-02-04,303.2680358886719,3297.590087890625,0.015241359582358616,-0.008706140114620155
2020-02-05,306.77020263671875,3334.68994140625,0.011548090578634262,0.0
2020-02-06,307.8023681640625,3345.780029296875,0.0033646212000779663,0.0
2020-02-07,306.16192626953125,3327.7099609375,-0.005329529802892474,-0.005329529802892465
2020-02-10,308.447509765625,3352.090087890625,0.007465276704855972,0.0
2020-02-11,308.98211669921875,3357.75,0.001733218510987511,0.0
2020-02-12,310.9727478027344,3379.449951171875,0.006442544716765752,0.0
2020-02-13,310.64093017578125,3373.93994140625,-0.0010670312086755729,-0.0010670312086756026
2020-02-14,311.1387023925781,3380.159912109375,0.0016024038317010714,0.0
2020-02-18,310.33685302734375,3370.2900390625,-0.0025771444023785506,-0.002577144402378604
2020-02-19,311.8206787109375,3386.14990234375,0.004781338951913128,0.0
2020-02-20,310.5396423339844,3373.22998046875,-0.00410824702918644,-0.004108247029186493
2020-02-21,307.34161376953125,3337.75,-0.010298294093524007,-0.014364233186595078
2020-02-24,297.14849853515625,3225.889892578125,-0.03316542497892461,-0.04705326226738985
2020-02-25,288.14422607421875,3128.2099609375,-0.0303022647104918,-0.07592970656916305
2020-02-26,287.0843811035156,3116.389892578125,-0.003678175284449914,-0.07932859908355468
2020-02-27,274.1909484863281,2978.760009765625,-0.044911647814579125,-0.12067746879446922
2020-02-28,273.0389404296875,2954.219970703125,-0.00420148098615325,-0.12437192569002539
2020-03-02,284.8633728027344,3090.22998046875,0.04330676186495053,-0.08645130919361815
2020-03-03,276.7068176269531,3003.3701171875,-0.02863321842864508,-0.11260914840268005
2020-03-04,288.3377990722656,3130.1201171875,0.04203359189000189,-0.07530892349971716
2020-03-05,278.7529602050781,3023.93994140625,-0.03324170087316669,-0.10604722766482608
2020-03-06,274.14483642578125,2972.3701171875,-0.016531210200984692,-0.12082534885405187
2020-03-09,252.73568725585938,2746.56005859375,-0.0780943002576594,-0.18948387803956648
2020-03-10,265.8134765625,2882.22998046875,0.05174492549364906,-0.1475437816973225
2020-03-11,252.8554229736328,2741.3798828125,-0.048748670520549764,-0.18909988901655356
2020-03-12,228.6629180908203,2480.639892578125,-0.09567722376013754,-0.26668456038223715
2020-03-13,248.21051025390625,2711.02001953125,0.0854864983194259,-0.2039959912857442
2020-03-16,221.05035400390625,2386.1298828125,-0.1094238766207627,-0.2910978357249255
2020-03-17,232.9853515625,2529.18994140625,0.053992211921012556,-0.2528226398401212
2020-03-18,221.18858337402344,2398.10009765625,-0.050633089631439754,-0.2906545380876789
2020-03-19,221.65863037109375,2409.389892578125,0.002125096105324298,-0.2891471108092396
2020-03-20,212.1064453125,2304.919921875,-0.04309412650706079,-0.3197806951439359
2020-03-23,206.68324279785156,2237.39990234375,-0.02556830607697158,-0.33717275052996065
2020-03-24,225.40943908691406,2447.330078125,0.0906033601736056,-0.2771183745133464
2020-03-25,228.7838897705078,2475.56005859375,0.01497031667024662,-0.26629660766470864
2020-03-26,242.14247131347656,2630.070068359375,0.05838952015532506,-0.2234560186499167
2020-03-27,234.9301300048828,2541.469970703125,-0.029785527790606725,-0.24658579098704803
2020-03-30,242.5596466064453,2626.64990234375,0.032475683733729444,-0.2221181494146455
2020-03-31,238.94419860839844,2584.590087890625,-0.014905397697552614,-0.23371278775932838
2020-04-01,228.19056701660156,2470.5,-0.04500478209734993,-0.26819937677020556
2020-04-02,233.45616149902344,2526.89990234375,0.02307542573413568,-0.2513127658366723
2020-04-03,230.08172607421875,2488.64990234375,-0.014454257292407346,-0.2621344837508099
2020-04-06,245.5354461669922,2663.679931640625,0.06716622113565185,-0.21257484531804488
2020-04-07,245.7857666015625,2659.409912109375,0.0010194879740501595,-0.21177207484238197
2020-04-08,254.03640747070312,2749.97998046875,0.033568424173705536,-0.18531250550513126
2020-04-09,257.9021911621094,2789.820068359375,0.015217439617791984,-0.1729150477502853
2020-04-13,255.5474395751953,2761.6298828125,-0.0091304055087843,-0.18046666875453868
2020-04-14,263.0843200683594,2846.06005859375,0.029493077706796322,-0.15629610853280668
2020-04-15,257.4942321777344,2783.360107421875,-0.02124827465647694,-0.17422336054744003
2020-04-16,258.73638916015625,2799.550048828125,0.0048240186660355455,-0.1702397986247448
2020-04-17,265.7264099121094,2874.56005859375,0.027015994057280945,-0.14782300195542264
2020-04-20,261.0447692871094,2823.159912109375,-0.01761827372201541,-0.16283688956657735
2020-04-21,253.11863708496094,2736.56005859375,-0.03036311443356643,-0.18825576888822773
2020-04-22,258.73638916015625,2799.31005859375,0.022194146349285626,-0.1702397986247448
2020-04-23,258.7179260253906,2797.800048828125,-7.135886384423973e-05,-0.1702990093699781
2020-04-24,262.3240966796875,2836.739990234375,0.013938619212427339,-0.15873412320141245
2020-04-27,266.1064147949219,2878.47998046875,0.014418492860962084,-0.14660433716262108
2020-04-28,264.8826904296875,2863.389892578125,-0.004598627831566726,-0.15052878620908342
2020-04-29,271.8169860839844,2939.510009765625,0.026178742155813284,-0.12829069833446535
2020-04-30,269.2862548828125,2912.429931640625,-0.00931042330220655,-0.13640668092944233
2020-05-01,262.1572265625,2830.7099609375,-0.026473792074589553,-0.15926927089552093
2020-05-04,262.88037109375,2842.739990234375,0.002758438288091858,-0.15695016706238366
2020-05-05,265.3092041015625,2868.43994140625,0.009239309111239491,-0.14916096905969423
2020-05-06,263.5107421875,2848.419921875,-0.00677873924560124,-0.15492858499041862
2020-05-07,266.6904602050781,2881.18994140625,0.012066749124465037,-0.1447313202332414
2020-05-08,271.1031799316406,2929.800048828125,0.016546222625170914,-0.13057985425348462
2020-05-11,271.1587829589844,2930.18994140625,0.00020509913368682575,-0.13040153693478204
2020-05-12,265.75421142578125,2870.1201171875,-0.0199313902881052,-0.14773384329607134
2020-05-13,261.0540771484375,2820.0,-0.01768601992091623,-0.16280703952145972
2020-05-14,264.1782531738281,2852.5,0.011967543504843192,-0.15278789634498433
2020-05-15,265.3926696777344,2863.699951171875,0.004596958641811977,-0.1488932973436396
2020-05-18,273.4763488769531,2953.909912109375,0.03045931603549845,-0.12296916930749853
2020-05-19,270.6674499511719,2922.93994140625,-0.010271085369232713,-0.13197722784099028
2020-05-20,275.26556396484375,2971.610107421875,0.016988056799963847,-0.11723120768389096
2020-05-21,273.36517333984375,2948.510009765625,-0.006903844409839488,-0.12332570607590328
2020-05-22,273.8843078613281,2955.449951171875,0.0018990514232000155,-0.12166085651034378
2020-05-26,277.2585754394531,2991.77001953125,0.012320047119433575,-0.11083967687570832
2020-05-27,281.3840637207031,3036.1298828125,0.014879569638959422,-0.09760935392758086
2020-05-28,280.86492919921875,3029.72998046875,-0.0018449322062519258,-0.09927420349314037
2020-05-29,282.11639404296875,3044.31005859375,0.004455753330677714,-0.09526079152532752
2020-06-01,283.2566223144531,3055.72998046875,0.004041694476325741,-0.0916041120639202
2020-06-02,285.6020812988281,3080.820068359375,0.008280332389797529,-0.08408229217028423
2020-06-03,289.4029541015625,3122.8701171875,0.013308281177256243,-0.07189300177925843
2020-06-04,288.64263916015625,3112.35009765625,-0.0026271844520958654,-0.07433131005486536
2020-06-05,296.04046630859375,3193.929931640625,0.02562971004548209,-0.05060668993339036
2020-06-08,299.618896484375,3232.389892578125,0.012087638627251263,-0.03913076668617522
2020-06-09,297.3847351074219,3207.179931640625,-0.0074566771427569956,-0.046295658335404895
2020-06-10,295.7253723144531,3190.139892578125,-0.005579851946231673,-0.05161718736237172
2020-06-11,278.677001953125,3002.10009765625,-0.057649332649077234,-0.10629082360678585
2020-06-12,282.0144348144531,3041.31005859375,0.011975989543225651,-0.09558777185561582
2020-06-15,284.64715576171875,3066.590087890625,0.009335412029521706,-0.08714471106135016
2020-06-16,290.1260070800781,3124.739990234375,0.019247869537631246,-0.06957419155312232
2020-06-17,288.9208679199219,3113.489990234375,-0.004153847399911315,-0.07343903837834981
2020-06-18,289.0321044921875,3115.340087890625,0.0003850070542377182,-0.07308230587194428
2020-06-19,287.3803405761719,3097.739990234375,-0.005714811228038741,-0.07837946551781509
2020-06-22,289.2239074707031,3117.860107421875,0.0064150765874766424,-0.07246719920452077
2020-06-23,290.555419921875,3131.2900390625,0.004603742694772706,-0.06819707684869648
2020-06-24,283.14373779296875,3050.330078125,-0.025508669330274847,-0.09196612949634655
2020-06-25,286.1791076660156,3083.760009765625,0.010720243706277222,-0.08223178511099323
2020-06-26,279.3819274902344,3009.050048828125,-0.023751489866667308,-0.10403014756687878
2020-06-29,283.4882507324219,3053.239990234375,0.014697884287204088,-0.09086128635099347
2020-06-30,287.11956787109375,3100.2900390625,0.012809409664386484,-0.07921575612611008
2020-07-01,289.13079833984375,3115.860107421875,0.007004853356609164,-0.07276579752469724
2020-07-02,290.7230224609375,3130.010009765625,0.005506933644690015,-0.06765958029857874
2020-07-06,295.2109680175781,3179.719970703125,0.015437186634380318,-0.053266867232871454
2020-07-07,292.166259765625,3145.320068359375,-0.010313669144473736,-0.06303115953234277
2020-07-08,294.4009094238281,3169.93994140625,0.007648554833113774,-0.05586470197910692
2020-07-09,292.7249450683594,3152.050048828125,-0.005692796121957611,-0.061239471742283516
2020-07-10,295.7137756347656,3185.0400390625,0.010210371943902175,-0.05165437758251825
2020-07-13,293.1532287597656,3155.219970703125,-0.008658869102406985,-0.05986597819087196
2020-07-14,296.9521484375,3197.52001953125,0.012958819160226787,-0.04768295141587083
2020-07-15,299.68035888671875,3226.56005859375,0.009187374004781645,-0.03893365851939862
2020-07-16,298.6933898925781,3215.570068359375,-0.0032934056733218142,-0.04209883986086943
2020-07-17,299.5593566894531,3224.72998046875,0.0028991829956011017,-0.039321709105927534
2020-07-20,301.980224609375,3251.840087890625,0.008081429826381825,-0.031558054912338734
2020-07-21,302.62274169921875,3257.300048828125,0.0021276793560733864,-0.029497520978220233
2020-07-22,304.3453063964844,3276.02001953125,0.005692119130219497,-0.023973305251454823
2020-07-23,300.7138977050781,3235.659912109375,-0.01193187019837083,-0.03561912908333937
2020-07-24,298.77716064453125,3215.6298828125,-0.0064404640933699575,-0.04183018945481095
2020-07-27,300.95599365234375,3239.409912109375,0.007292501887066205,-0.03484273430328037
2020-07-28,299.0472412109375,3218.43994140625,-0.006342297484233539,-0.04096404880139835
2020-07-29,302.7252197265625,3258.43994140625,0.012298988282692935,-0.029168876874925375
2020-07-30,301.6450500488281,3246.219970703125,-0.0035681522626692663,-0.03263295014357382
2020-07-31,304.0286865234375,3271.1201171875,0.007902123619212498,-0.024988696130455464
2020-08-03,306.142333984375,3294.610107421875,0.006952131672530726,-0.01821028916374854
2020-08-04,307.3248291015625,3306.510009765625,0.003862566479446272,-0.01441806113680716
2020-08-05,309.2335510253906,3327.77001953125,0.006210763801311137,-0.008296844507689567
2020-08-06,311.3006286621094,3349.159912109375,0.006684519289270163,-0.0016677856355710753
2020-08-07,311.5242004394531,3351.280029296875,0.0007181860772482729,-0.0009507973387461416
2020-08-10,312.4552917480469,3360.469970703125,0.0029888249685909862,0.0
2020-08-11,309.87603759765625,3333.68994140625,-0.008254794264999865,-0.008254794264999827
2020-08-12,314.1965026855469,3380.35009765625,0.01394255948728862,0.0
2020-08-13,313.6285095214844,3373.429931640625,-0.001807764119612032,-0.0018077641196119776
2020-08-14,313.63787841796875,3372.85009765625,2.9872591935875548e-05,-0.0017779455302760182
2020-08-17,314.63409423828125,3381.989990234375,0.003176324955829868,0.0
2020-08-18,315.31390380859375,3389.780029296875,0.0021606354262346805,0.0
2020-08-19,314.0010070800781,3374.85009765625,-0.004163776835266364,-0.004163776835266351
2020-08-20,314.97857666015625,3385.510009765625,0.003113268932378954,-0.0010634708599499467
2020-08-21,316.0960388183594,3397.159912109375,0.003547740198879712,0.0
2020-08-24,319.2990417480469,3431.280029296875,0.010133005594315847,0.0
2020-08-25,320.416259765625,3443.6201171875,0.0034989707813144477,0.0
2020-08-26,323.6287536621094,3478.72998046875,0.01002600148579913,0.0
2020-08-27,324.3363952636719,3484.550048828125,0.002186584453806928,0.0
2020-08-28,326.4313659667969,3508.010009765625,0.006459252596126008,0.0
2020-08-31,325.2488708496094,3500.31005859375,-0.003622492322958304,-0.00362249232295826
2020-09-01,328.3122863769531,3526.64990234375,0.009418681514071103,0.0
2020-09-02,333.0610046386719,3580.840087890625,0.014464028483742064,0.0
2020-09-03,321.598876953125,3455.06005859375,-0.03441449922359363,-0.03441449922359359
2020-09-04,318.9731750488281,3426.9599609375,-0.008164524482091373,-0.04229804568423501
2020-09-08,310.2579040527344,3331.840087890625,-0.027322896336845925,-0.06846523690359943
2020-09-09,316.3846130371094,3398.9599609375,0.019747148757034205,-0.05007008136438617
2020-09-10,310.8910827636719,3339.18994140625,-0.017363455892190127,-0.06656414760728743
2020-09-11,311.0493469238281,3340.969970703125,0.0005090662580262695,-0.06608896691080228
2020-09-14,315.1462707519531,3383.5400390625,0.01317129860146693,-0.05378814582678005
2020-09-15,316.73846435546875,3401.199951171875,0.005052236854069525,-0.04900765942536855
2020-09-16,315.4814758300781,3385.489990234375,-0.003968537663868732,-0.05278170834698966
2020-09-17,312.7066955566406,3357.010009765625,-0.008795382569251164,-0.06111285559867041
2020-09-18,309.1065979003906,3319.469970703125,-0.011512697704926245,-0.07192197947120434
2020-09-21,305.6663513183594,3281.06005859375,-0.011129644612567824,-0.08225115801242525
2020-09-22,308.7794189453125,3315.570068359375,0.010184528370644097,-0.07290431889407695
2020-09-23,301.6185302734375,3236.919921875,-0.023190951962841932,-0.09440455029956267
2020-09-24,302.4224853515625,3246.590087890625,0.0026654697819665785,-0.09199071299369978
2020-09-25,307.311767578125,3298.4599609375,0.016167059208176182,-0.0773108730890951
2020-09-28,312.416015625,3351.60009765625,0.01660934785251067,-0.06198560842050248
2020-09-29,310.7146301269531,3335.469970703125,-0.005445897178616765,-0.06709393834910718
2020-09-30,313.07037353515625,3363.0,0.007581694518988602,-0.060020929574757256
2020-10-01,315.08026123046875,3380.800048828125,0.006419923011612649,-0.053986336310100025
2020-10-02,312.0887756347656,3348.419921875,-0.009494360529030299,-0.06296813109856078
2020-10-05,317.623046875,3408.60009765625,0.017733003146229942,-0.04635174201921376
2020-10-06,313.1078186035156,3360.969970703125,-0.01421568212983404,-0.059908502518338576
2020-10-07,318.5579528808594,3419.43994140625,0.017406573561949967,-0.04354473071246043
2020-10-08,321.3811950683594,3446.830078125,0.008862570097428746,-0.03506807884334458
2020-10-09,324.25115966796875,3477.139892578125,0.0089300949889084,-0.0264511451295857
2020-10-12,329.4675598144531,3534.219970703125,0.016087529653944665,-0.010789149057294093
2020-10-13,327.31732177734375,3511.929931640625,-0.006526402897815919,-0.017245137621437485
2020-10-14,325.2607727050781,3488.669921875,-0.0062830438092872365,-0.023419829475552063
2020-10-15,324.8587646484375,3483.340087890625,-0.0012359561631034577,-0.024626839756076352
2020-10-16,324.6623840332031,3483.81005859375,-0.0006045107493002355,-0.025216463316022744
2020-10-19,319.7264099121094,3426.919921875,-0.015203406257834118,-0.040036493437677616
2020-10-20,321.0071716308594,3443.1201171875,0.00400580521046745,-0.036191066621231595
2020-10-21,320.3995056152344,3435.56005859375,-0.0018929982546427304,-0.03801555524992663
2020-10-22,322.1570739746094,3453.489990234375,0.005485552657143122,-0.032738538922897485
2020-10-23,323.2508850097656,3465.389892578125,0.0033952724416737023,-0.029454422740209294
2020-10-26,317.2772216796875,3400.969970703125,-0.018479959706522275,-0.0473900659013136
2020-10-27,316.1834411621094,3390.679931640625,-0.0034473969224376733,-0.05067409045640895
2020-10-28,305.3766174316406,3271.030029296875,-0.03417896804066989,-0.08312107037887918
2020-10-29,308.480224609375,3310.110107421875,0.010163211590452415,-0.07380263581431229
2020-10-30,305.2644958496094,3269.9599609375,-0.010424424333318805,-0.08345771015498532
2020-11-02,308.6859130859375,3310.239990234375,0.01120804182224222,-0.0731850658385487
2020-11-03,314.13604736328125,3369.159912109375,0.01765592158987328,-0.05682129403267055
2020-11-04,321.1567687988281,3443.43994140625,0.022349302139871297,-0.03574190816111393
2020-11-05,327.42022705078125,3510.449951171875,0.019502806294195096,-0.016936169378370006
2020-11-06,327.345458984375,3509.43994140625,-0.0002283550624826436,-0.017160656980836
2020-11-09,331.4587707519531,3550.5,0.0125656600838151,-0.004810631879456938
2020-11-10,330.97259521484375,3545.530029296875,-0.0014667752975926485,-0.006270351061042944
2020-11-11,333.4313049316406,3572.659912109375,0.007428741087161184,0.0
2020-11-12,330.1967468261719,3537.010009765625,-0.009700823100973976,-0.009700823100973954
2020-11-13,334.7681884765625,3585.14990234375,0.013844599301268135,0.0
2020-11-16,338.9469299316406,3626.909912109375,0.012482492658858702,0.0
2020-11-17,337.12396240234375,3609.530029296875,-0.0053783273082441685,-0.005378327308244196
2020-11-18,333.06671142578125,3567.7900390625,-0.012034893478501396,-0.01734849319049831
2020-11-19,334.4690246582031,3581.8701171875,0.0042103073778190225,-0.013211228301553317
2020-11-20,332.1785583496094,3557.5400390625,-0.006848067054742613,-0.019968823979011424
2020-11-23,334.16986083984375,3577.590087890625,0.0059946749727854964,-0.01409385561556885
2020-11-24,339.5545654296875,3635.409912109375,0.016113675171994135,0.0
2020-11-25,339.0310363769531,3629.64990234375,-0.0015418112610910972,-0.001541811261091065
2020-11-27,339.97528076171875,3638.35009765625,0.0027851266800120733,0.0
2020-11-30,338.4701232910156,3621.6298828125,-0.004427255614969372,-0.0044272556149694215
2020-12-01,342.1720886230469,3662.449951171875,0.010937347426816402,0.0
2020-12-02,342.8919372558594,3669.010009765625,0.002103761986283814,0.0
2020-12-03,342.79852294921875,3666.719970703125,-0.00027243074709837334,-0.00027243074709838114
2020-12-04,345.7525329589844,3699.1201171875,0.008617335875169996,0.0
2020-12-07,345.0421142578125,3691.9599609375,-0.0020547028103945486,-0.002054702810394595
2020-12-08,346.05169677734375,3702.25,0.0029259689696223834,0.0
2020-12-09,342.9480285644531,3672.820068359375,-0.008968799291533602,-0.008968799291533554
2020-12-10,342.8358154296875,3668.10009765625,-0.0003272015740558576,-0.00929306626034378
2020-12-11,342.4338684082031,3663.4599609375,-0.0011724184096127965,-0.010454589307991183
2020-12-14,340.9006652832031,3647.489990234375,-0.004477369987165858,-0.014885150230761321
2020-12-15,345.5094909667969,3694.6201171875,0.013519556143326783,-0.0015668347116810715
2020-12-16,346.05169677734375,3701.169921875,0.001569293535264915,0.0
2020-12-17,347.9867858886719,3722.47998046875,0.005591907594584722,0.0
2020-12-18,346.59735107421875,3709.409912109375,-0.003992780389361239,-0.0039927803893612035
2020-12-21,345.35809326171875,3694.919921875,-0.00357549706787752,-0.007554001282663928
2020-12-22,344.77606201171875,3687.260009765625,-0.001685297844052358,-0.00922656838464062
2020-12-23,345.0858459472656,3690.010009765625,0.0008985076682508364,-0.008336350858834968
2020-12-24,346.4283447265625,3703.06005859375,0.0038903327825912104,-0.004478449255277045
2020-12-28,349.404541015625,3735.360107421875,0.00859108769350736,0.0
2020-12-29,348.7378845214844,3727.0400390625,-0.0019079789066359654,-0.001907978906635941
2020-12-30,349.23553466796875,3732.0400390625,0.0014270033987480168,-0.0004836982002723663
2020-12-31,351.00982666015625,3756.070068359375,0.0050805024576734414,0.0
2021-01-04,346.231201171875,3700.64990234375,-0.01361393649217646,-0.013613936492176503
2021-01-05,348.6158752441406,3726.860107421875,0.006887519276698173,-0.0068201834655000175
2021-01-06,350.70001220703125,3748.139892578125,0.005978319149783529,-0.0008826375491332294
2021-01-07,355.9105224609375,3803.7900390625,0.014857456722386031,0.0
2021-01-08,357.9384460449219,3824.679931640625,0.00569784666652251,0.0
2021-01-11,355.5256652832031,3799.610107421875,-0.006740770063621282,-0.006740770063621336
2021-01-12,355.6007080078125,3801.18994140625,0.0002110754073116894,-0.0065311174670965215
2021-01-13,356.5584411621094,3809.840087890625,0.0026932824730929728,-0.003855425138207442
2021-01-14,355.3096923828125,3795.5400390625,-0.003502227503651034,-0.007344150065901169
2021-01-15,352.7184753417969,3768.25,-0.007292840855643856,-0.01458343120389444
2021-01-19,355.48809814453125,3798.909912109375,0.007852219252338699,-0.006845724250820215
2021-01-20,360.4076232910156,3851.85009765625,0.01383879002465016,0.0
2021-01-21,360.73614501953125,3853.070068359375,0.0009115282454787987,0.0
2021-01-22,359.4593505859375,3841.469970703125,-0.0035394136440767276,-0.003539413644076672
2021-01-25,360.8769836425781,3855.360107421875,0.003943792404703883,0.0
2021-01-26,360.3137512207031,3849.6201171875,-0.0015607324584403504,-0.0015607324584402974
2021-01-27,351.5074768066406,3750.77001953125,-0.024440572651551085,-0.025963159914951243
2021-01-28,354.530517578125,3787.3798828125,0.00860021755141016,-0.017586231187131703
2021-01-29,347.4329528808594,3714.239990234375,-0.020019615647619338,-0.03725377724569452
2021-02-01,353.21612548828125,3773.860107421875,0.01664543492339665,-0.021228447647091805
2021-02-02,358.210693359375,3826.31005859375,0.014140260058029153,-0.007388363359420804
2021-02-03,358.49224853515625,3830.169921875,0.0007860043851308784,-0.006608166260289346
2021-02-04,362.5668640136719,3871.739990234375,0.011365979306847018,0.0
2021-02-05,363.9939270019531,3886.830078125,0.003935999480160435,0.0
2021-02-08,366.6226501464844,3915.590087890625,0.007221887370986613,0.0
2021-02-09,366.3785400390625,3911.22998046875,-0.0006658347685947197,-0.0006658347685947407
2021-02-10,366.21893310546875,3909.8798828125,-0.0004356339581917945,-0.001101178666550797
2021-02-11,366.8103332519531,3916.3798828125,0.001614881408422475,0.0
2021-02-12,368.62237548828125,3934.830078125,0.004939997791947315,0.0
2021-02-16,368.3031311035156,3932.590087890625,-0.0008660472233752436,-0.0008660472233752777
2021-02-17,368.3876647949219,3931.330078125,0.0002295220547079424,-0.0006367239456055119
2021-02-18,366.8197937011719,3913.969970703125,-0.004256035811141534,-0.004890049836832762
2021-02-19,366.1720275878906,3906.7099609375,-0.0017658973817780144,-0.006647311892407148
2021-02-22,363.3554382324219,3876.5,-0.00769198393996029,-0.014288164816047132
2021-02-23,363.7967224121094,3881.3701171875,0.0012144697264864224,-0.013091047633176802
2021-02-24,367.80548095703125,3925.429931640625,0.011019226666865833,-0.0022160741874877577
2021-02-25,358.9429626464844,3829.340087890625,-0.02409566678421038,-0.02625834318650738
2021-02-26,357.0934753417969,3811.14990234375,-0.005152593857952414,-0.03127563846663694
2021-03-01,365.7494201660156,3901.820068359375,0.02423999714901992,-0.007793762704882135
2021-03-02,362.8954772949219,3870.2900390625,-0.007803000397918147,-0.015535948369312803
2021-03-03,358.0887145996094,3819.719970703125,-0.013245584461792803,-0.02857575011478582
2021-03-04,353.6573791503906,3768.469970703125,-0.012374965388600945,-0.040597091584762934
2021-03-05,360.1634521484375,3841.93994140625,0.01839654247757183,-0.0229473952269961
2021-03-08,358.3703308105469,3821.35009765625,-0.00497863213825378,-0.02781178072588351
2021-03-09,363.4869079589844,3875.43994140625,0.01427734583068041,-0.013931513306793649
2021-03-10,365.7494201660156,3898.81005859375,0.006224466844584553,-0.007793762704882135
2021-03-11,369.4579162597656,3939.340087890625,0.01013944490210461,0.0
2021-03-12,369.9554748535156,3943.340087890625,0.0013467260325263908,0.0
2021-03-15,372.1617126464844,3968.93994140625,0.005963522485624262,0.0
2021-03-16,371.6922912597656,3962.7099609375,-0.0012613371305195686,-0.0012613371305195287
2021-03-17,372.9597473144531,3974.1201171875,0.0034099605627864182,0.0
2021-03-18,367.5332946777344,3915.4599609375,-0.014549700539515764,-0.014549700539515733
2021-03-19,366.8532409667969,3913.10009765625,-0.0018503186535353544,-0.01637309761073942
2021-03-22,369.7825012207031,3940.590087890625,0.0079848286093549,-0.008519005379610502
2021-03-23,366.87213134765625,3910.52001953125,-0.007870491068234231,-0.016322447692094316
2021-03-24,365.007080078125,3889.139892578125,-0.005083654794601711,-0.021323124797226447
2021-03-25,367.0605163574219,3909.52001953125,0.005625743694772645,-0.015817339537334676
2021-03-26,372.9756774902344,3974.5400390625,0.016114947996892948,0.0
2021-03-29,372.7872314453125,3971.090087890625,-0.0005052502248670265,-0.0005052502248670333
2021-03-30,371.7982482910156,3958.550048828125,-0.0026529426731236594,-0.0031568524981084823
2021-03-31,373.3052978515625,3972.889892578125,0.004053406834147566,0.0
2021-04-01,377.33660888671875,4019.8701171875,0.010798965507205827,0.0
2021-04-05,382.7526550292969,4077.909912109375,0.014353354577912425,0.0
2021-04-06,382.5265197753906,4073.93994140625,-0.0005908130248997168,-0.0005908130248996993
2021-04-07,382.9692077636719,4079.949951171875,0.001157273980745721,0.0
2021-04-08,384.7870788574219,4097.169921875,0.004746781351862017,0.0
2021-04-09,387.5845947265625,4128.7998046875,0.007270295763172507,0.0
2021-04-12,387.7258605957031,4127.990234375,0.0003644775129421074,0.0
2021-04-13,388.87493896484375,4141.58984375,0.0029636361303710945,0.0
2021-04-14,387.54693603515625,4124.66015625,-0.00341498717614086,-0.0034149871761408575
2021-04-15,391.7101135253906,4170.419921875,0.010742382671957706,0.0
2021-04-16,393.01934814453125,4185.47021484375,0.003342355925808338,0.0
2021-04-19,391.0884094238281,4163.259765625,-0.004913088197360249,-0.004913088197360274
2021-04-20,388.2250671386719,4134.93994140625,-0.007321470583530387,-0.012198587750179408
2021-04-21,391.8985290527344,4173.419921875,0.009462196609654638,-0.002851816576177055
2021-04-22,388.3192138671875,4134.97998046875,-0.0091332702732988,-0.01195904043791578
2021-04-23,392.5295715332031,4180.169921875,0.010842516969700178,-0.001246189567105006
2021-04-26,393.3489685058594,4187.6201171875,0.0020874783254054563,0.0
2021-04-27,393.2641906738281,4186.72021484375,-0.0002155282937521541,-0.00021552829375218543
2021-04-28,393.1512451171875,4183.18017578125,-0.00028720020616956887,-0.0005026666001513353
2021-04-29,395.6567077636719,4211.47021484375,0.006372770473453748,0.0
2021-04-30,393.0570373535156,4181.169921875,-0.006570520249359779,-0.006570520249359829
2021-05-03,393.9047546386719,4192.66015625,0.002156728425126264,-0.0044279626520232086
2021-05-04,391.4745788574219,4164.66015625,-0.006169450235448903,-0.010570094792246036
2021-05-05,391.5971374511719,4167.58984375,0.00031306909916772874,-0.010260334863132931
2021-05-06,394.7242126464844,4201.6201171875,0.007985439361651192,-0.0023568287833615723
2021-05-07,397.59698486328125,4232.60009765625,0.007277922470314113,0.0
2021-05-10,393.659912109375,4188.43017578125,-0.009902169543011152,-0.009902169543011152
2021-05-11,390.146484375,4152.10009765625,-0.008925033071182531,-0.018738825423545904
2021-05-12,381.8577575683594,4063.0400390625,-0.021245165953292733,-0.03958588192094567
2021-05-13,386.4448547363281,4112.5,0.012012580802807316,-0.02804882972336404
2021-05-14,392.37890625,4173.85009765625,0.015355493651793228,-0.013124039698328075
2021-05-17,391.38043212890625,4163.2900390625,-0.0025446681898276813,-0.01563531156181338
2021-05-18,388.0084533691406,4127.830078125,-0.0086156038548576,-0.024116207766107088
2021-05-19,386.9912109375,4115.68017578125,-0.002621701725330272,-0.02667468398792858
2021-05-20,391.1544494628906,4159.1201171875,0.010757966609383773,-0.016203682738202788
2021-05-21,390.83416748046875,4155.85986328125,-0.00081881206480372,-0.01700922703208622
2021-05-24,394.81842041015625,4197.0498046875,0.010194228809042416,-0.00698839417527385
2021-05-25,393.94244384765625,4188.1298828125,-0.0022186821009769764,-0.009191571251179533
2021-05-26,394.7242126464844,4195.990234375,0.0019844746638431054,-0.007225337027605262
2021-05-27,394.9314880371094,4200.8798828125,0.0005251144570921351,-0.006704016699443633
2021-05-28,395.63787841796875,4204.10986328125,0.001788640314223322,-0.0049273674597561734
2021-06-01,395.2893371582031,4202.0400390625,-0.0008809602891395318,-0.0058039869338336126
2021-06-02,395.9110107421875,4208.1201171875,0.0015727051694682803,-0.004240409724619752
2021-06-03,394.4416198730469,4192.85009765625,-0.00371141703380784,-0.007936088829545293
2021-06-04,398.0491027832031,4229.89013671875,0.009145796813524232,0.0
2021-06-07,397.6629333496094,4226.52001953125,-0.0009701552670100533,-0.0009701552670100519
2021-06-08,397.74774169921875,4227.259765625,0.0002132669215484384,-0.000757095247488878
2021-06-09,397.154296875,4219.5498046875,-0.0014920130575311052,-0.002247978709024951
2021-06-10,399.00042724609375,4239.18017578125,0.004648395813969586,0.0
2021-06-11,399.6597900390625,4247.43994140625,0.0016525365587192198,0.0
2021-06-14,400.5545959472656,4255.14990234375,0.002238919026894548,0.0
2021-06-15,399.8199462890625,4246.58984375,-0.0018340812104921111,-0.0018340812104920752
2021-06-16,397.5875549316406,4223.7001953125,-0.005583491714562627,-0.007407332347812135
2021-06-17,397.4557800292969,4221.85986328125,-0.0003314361848333336,-0.0077363134746723005
2021-06-18,392.09393310546875,4166.4501953125,-0.013490423823834918,-0.021122371150899863
2021-06-21,397.7070617675781,4224.7900390625,0.014315775349167392,-0.007108978921970446
2021-06-22,399.8334045410156,4246.43994140625,0.005346504947604247,-0.001800482165344939
2021-06-23,399.3514099121094,4241.83984375,-0.001205488644600794,-0.0030038003491405538
2021-06-24,401.7138671875,4266.490234375,0.005915735406845313,0.0
2021-06-25,403.1407775878906,4280.7001953125,0.003552056617763144,0.0
2021-06-28,403.95343017578125,4290.60986328125,0.002015803493640611,0.0
2021-06-29,404.17083740234375,4291.7998046875,0.0005381987385721931,0.0
2021-06-30,404.51104736328125,4297.5,0.0008417479180933274,0.0
2021-07-01,406.75054931640625,4319.93994140625,0.00553631839655,0.0
2021-07-02,409.859619140625,4352.33984375,0.007643677013943639,0.0
2021-07-06,409.1130676269531,4343.5400390625,-0.0018214810115648739,-0.0018214810115649116
2021-07-07,410.5589294433594,4358.1298828125,0.003534137456896458,0.0
2021-07-08,407.213623046875,4320.81982421875,-0.008148175953741843,-0.008148175953741843
2021-07-09,411.5605773925781,4369.5498046875,0.010674874561362069,0.0
2021-07-12,413.0347595214844,4384.6298828125,0.0035819323081085486,0.0
2021-07-13,411.62677001953125,4369.2099609375,-0.0034088886455568845,-0.0034088886455569296
2021-07-14,412.2409973144531,4374.2998046875,0.0014921947250727818,-0.0019217806461394485
2021-07-15,410.8329772949219,4360.02978515625,-0.0034155264243580508,-0.0053307431779188365
2021-07-16,407.6106262207031,4327.16015625,-0.007843457687929378,-0.01313238940728694
2021-07-19,401.59100341796875,4258.490234375,-0.01476807132961011,-0.027706520673401985
2021-07-20,407.3459777832031,4323.06005859375,0.014330436479536024,-0.013773130728445005
2021-07-21,410.6439514160156,4358.68994140625,0.008096246956359465,-0.005788394439825324
2021-07-22,411.50390625,4367.47998046875,0.00209416169657195,-0.003706354577173901
2021-07-23,415.7374267578125,4411.7900390625,0.010287923014856037,0.0
2021-07-26,416.75799560546875,4422.2998046875,0.0024548399589983116,0.0
2021-07-27,414.858642578125,4401.4599609375,-0.004557448321019897,-0.00455744832101987
2021-07-28,414.6885681152344,4400.64013671875,-0.000409957622754864,-0.00496553758309519
2021-07-29,416.4084167480469,4419.14990234375,0.00414732588513167,-0.0008388054005154827
2021-07-30,414.3860778808594,4395.259765625,-0.00485662341549431,-0.00569135505406066
2021-08-02,413.5167236328125,4387.16015625,-0.0020979330495191073,-0.007777348021715358
2021-08-03,416.88092041015625,4423.14990234375,0.008135576108721176,0.0
2021-08-04,414.83026123046875,4402.66015625,-0.004919052610203201,-0.0049190526102032206
2021-08-05,417.4573669433594,4429.10009765625,0.0063329654521782075,0.0
2021-08-06,418.14715576171875,4436.52001953125,0.0016523575171520921,0.0
2021-08-09,417.8069152832031,4432.35009765625,-0.0008136859807065244,-0.0008136859807065413
2021-08-10,418.32672119140625,4436.75,0.001244129499031299,0.0
2021-08-11,419.3662109375,4442.41015625,0.002484875322172231,0.0
2021-08-12,420.62298583984375,4460.830078125,0.0029968434975584657,0.0
2021-08-13,421.3885192871094,4468.0,0.0018199990800242816,0.0
2021-08-16,422.38067626953125,4479.7099609375,0.0023544945745090917,0.0
2021-08-17,419.61199951171875,4448.080078125,-0.006554932347439424,-0.006554932347439448
2021-08-18,415.0192565917969,4400.27001953125,-0.010945213495482053,-0.01742840070893034
2021-08-19,415.6617431640625,4405.7998046875,0.001548088581580176,-0.015907292835482933
2021-08-20,418.9693603515625,4441.669921875,0.00795747321445095,-0.008076401477684807
2021-08-23,422.65478515625,4479.52978515625,0.008796406499976595,0.0
2021-08-24,423.32568359375,4486.22998046875,0.0015873437638993515,0.0
2021-08-25,424.2139892578125,4496.18994140625,0.0020983977549422494,0.0
2021-08-26,421.70977783203125,4470.0,-0.005903179737571818,-0.0059031797375718705
2021-08-27,425.48028564453125,4509.3701171875,0.008941001633596901,0.0
2021-08-30,427.3513488769531,4528.7900390625,0.004397532143205041,0.0
2021-08-31,426.71820068359375,4522.68017578125,-0.0014815635776586067,-0.0014815635776586182
2021-09-01,426.9449768066406,4524.08984375,0.0005314423492683851,-0.0009509085940185164
2021-09-02,428.2585144042969,4536.9501953125,0.0030765969129815662,0.0
2021-09-03,428.1545715332031,4535.43017578125,-0.00024271057690083975,-0.00024271057690080825
2021-09-07,426.6236572265625,4520.02978515625,-0.0035756112591732725,-0.0038174539974025834
2021-09-08,426.10400390625,4514.06982421875,-0.0012180602540672325,-0.0050308643624839
2021-09-09,424.2801513671875,4493.27978515625,-0.004280298993538101,-0.009289629752354688
2021-09-10,420.9348449707031,4458.580078125,-0.007884663908279799,-0.017101048052204866
2021-09-13,422.01220703125,4468.72998046875,0.002559450882765102,-0.014585366461973146
2021-09-14,419.73480224609375,4443.0498046875,-0.005396537700122939,-0.01990319368211399
2021-09-15,423.24066162109375,4480.7001953125,0.008352558225430462,-0.011716878040785497
2021-09-16,422.5696716308594,4473.75,-0.0015853627760252786,-0.013283665314513644
2021-09-17,418.4533386230469,4432.990234375,-0.009741193663818759,-0.02289546022193837
2021-09-20,411.4760437011719,4357.72998046875,-0.016674009448303884,-0.03918771055017842
2021-09-21,411.08734130859375,4354.18994140625,-0.0009446537618127415,-0.04009534549380308
2021-09-22,415.0974426269531,4395.64013671875,0.00975486451515195,-0.030731605641631347
2021-09-23,420.140869140625,4448.97998046875,0.012149982138541793,-0.018955011962724044
2021-09-24,420.83294677734375,4455.47998046875,0.0016472514043548436,-0.017338984228444383
2021-09-27,419.6290588378906,4443.10986328125,-0.002860726444239403,-0.02015010858198519
2021-09-28,411.1726989746094,4352.6298828125,-0.020151988250527886,-0.03989603208112206
2021-09-29,411.86474609375,4359.4599609375,0.0016831057141353245,-0.038280075606553755
2021-09-30,406.830810546875,4307.5400390625,-0.012222302575343846,-0.05003450751522731
2021-10-01,411.6656494140625,4357.0400390625,0.011884151204497817,-0.03874497396348296
2021-10-04,406.3568420410156,4300.4599609375,-0.012895920222158685,-0.051141242092398904
2021-10-05,410.5849304199219,4345.72021484375,0.010404865727545731,-0.04126849412196456
2021-10-06,412.2913818359375,4363.5498046875,0.004156147217264872,-0.037283864841705455
2021-10-07,415.85589599609375,4399.759765625,0.008645618892840767,-0.028960588035138162
2021-10-08,415.0974426269531,4391.33984375,-0.0018238369984484581,-0.030731605641631347
2021-10-11,412.0922546386719,4361.18994140625,-0.007239716942756491,-0.03774883445834603
2021-10-12,411.07794189453125,4350.64990234375,-0.002461372988021737,-0.04011729348490274
2021-10-13,412.55682373046875,4363.7998046875,0.0035975704002062514,-0.03666404787227409
2021-10-14,419.49627685546875,4438.259765625,0.016820599553417415,-0.020460159586123596
2021-10-15,422.6910705566406,4471.3701171875,0.007615785591996049,-0.013000194182713462
2021-10-18,423.9424133300781,4486.4599609375,0.0029604192295560328,-0.010078260978003909
2021-10-19,427.2131042480469,4519.6298828125,0.0077149414994299725,-0.0024410726724351404
2021-10-20,428.89111328125,4536.18994140625,0.003927803282524955,0.0
2021-10-21,430.0097351074219,4549.77978515625,0.0026081720780217754,0.0
2021-10-22,429.5641784667969,4544.89990234375,-0.0010361547756906342,-0.0010361547756905882
2021-10-25,431.8678894042969,4566.47998046875,0.005362902804704195,0.0
2021-10-26,432.25653076171875,4574.7900390625,0.0008999079740750204,0.0
2021-10-27,430.34149169921875,4551.68017578125,-0.004430329968931446,-0.0044303299689314925
2021-10-28,434.4938659667969,4596.419921875,0.009649021411303638,0.0
2021-10-29,435.3755187988281,4605.3798828125,0.0020291490883754815,0.0
2021-11-01,436.1244201660156,4613.669921875,0.0017201274184035498,0.0
2021-11-02,437.8877258300781,4630.64990234375,0.004043125270057679,0.0
2021-11-03,440.5611267089844,4660.56982421875,0.006105219948420393,0.0
2021-11-04,442.63726806640625,4680.06005859375,0.004712493299013465,0.0
2021-11-05,444.1730651855469,4697.52978515625,0.0034696516311190084,0.0
2021-11-08,444.5522155761719,4701.7001953125,0.0008536095957700773,0.0
2021-11-09,443.08282470703125,4685.25,-0.0033053279629620125,-0.0033053279629619843
2021-11-10,439.5182800292969,4646.7099609375,-0.008044872152494942,-0.011323609174572789
2021-11-11,439.6605529785156,4649.27001953125,0.00032370200668174753,-0.011003572642903829
2021-11-12,442.9785461425781,4682.85009765625,0.007546715623188094,-0.003539897853290778
2021-11-15,443.1302490234375,4682.7998046875,0.0003424610112168214,-0.0031986491190723306
2021-11-16,444.8841247558594,4700.89990234375,0.003957923739774216,0.0
2021-11-17,443.8034362792969,4688.669921875,-0.002429145965043289,-0.0024291459650432642
2021-11-18,445.3106994628906,4704.5400390625,0.0033962404532739132,0.0
2021-11-19,444.514404296875,4697.9599609375,-0.0017881788310410984,-0.001788178831041052
2021-11-22,443.262939453125,4682.93994140625,-0.002815352734698351,-0.004598497211577267
2021-11-23,443.8507385253906,4690.7001953125,0.0013260731271393933,-0.003278522028015327
2021-11-24,445.0357666015625,4701.4599609375,0.002669879698992794,-0.0006173955884278864
2021-11-26,435.1100769042969,4594.6201171875,-0.02230312806779866,-0.022906753803349396
2021-11-29,440.4474182128906,4655.27001953125,0.012266646055562935,-0.010921096788974132
2021-11-30,431.8772888183594,4567.0,-0.01945778097486517,-0.030166377454514105
2021-12-01,427.0803527832031,4513.0400390625,-0.01110717363323488,-0.040938487895476
2021-12-02,433.6217041015625,4577.10009765625,0.015316441685342408,-0.026249078172670793
2021-12-03,429.8485412597656,4538.43017578125,-0.008701508264247648,-0.03472217986627002
2021-12-06,434.93939208984375,4591.669921875,0.011843359559063016,-0.023290047568037726
2021-12-07,443.9360656738281,4686.75,0.020684890234375475,-0.0030869094111605853
2021-12-08,445.11163330078125,4701.2099609375,0.002648056145582167,-0.0004470275750155514
2021-12-09,442.10638427734375,4667.4501953125,-0.006751674857724321,-0.007195684247900947
2021-12-10,446.2681884765625,4712.02001953125,0.009413580864753968,0.0
2021-12-13,442.31494140625,4668.97021484375,-0.008858455906991303,-0.008858455906991273
2021-12-14,439.27178955078125,4634.08984375,-0.006880056653283506,-0.015677565881774012
2021-12-15,446.135498046875,4709.85009765625,0.015625197564161475,-0.0002973333818403432
2021-12-16,442.20123291015625,4668.669921875,-0.008818543142033008,-0.009113254476618026
2021-12-17,437.494873046875,4620.64013671875,-0.010643027456772036,-0.01965928931577489
2021-12-20,432.8429260253906,4568.02001953125,-0.010633146370576885,-0.030083395585515624
2021-12-21,440.5296936035156,4649.22998046875,0.017758792199076057,-0.012858848157285255
2021-12-22,444.9344177246094,4696.56005859375,0.009998699713209547,-0.0029887202054581876
2021-12-23,447.7028503417969,4725.7900390625,0.006222113882187852,0.0
2021-12-27,454.038818359375,4791.18994140625,0.014152172613466574,0.0
2021-12-28,453.667724609375,4786.35009765625,-0.0008173172314669408,-0.0008173172314669285
2021-12-29,454.2481384277344,4793.06005859375,0.0012793808923901029,0.0
2021-12-30,452.99224853515625,4778.72998046875,-0.002764766184678469,-0.0027647661846784267
2021-12-31,451.8507385253906,4766.18017578125,-0.00251993276586282,-0.0052777319256425495
2022-01-03,454.46685791015625,4796.56005859375,0.005789786674474273,0.0
2022-01-04,454.31463623046875,4793.5400390625,-0.00033494561162827896,-0.0003349456116282802
2022-01-05,445.5909118652344,4700.580078125,-0.019201944356485368,-0.019530458361116762
2022-01-06,445.1723327636719,4696.0498046875,-0.0009393797997592213,-0.02045149164281153
2022-01-07,443.4122009277344,4677.02978515625,-0.003953821265150093,-0.02432445136540028
2022-01-10,442.8605041503906,4670.2900390625,-0.0012442074805101289,-0.025538394181562278
2022-01-11,446.89422607421875,4713.06982421875,0.009108335211708729,-0.016662671224827875
2022-01-12,448.1023864746094,4726.35009765625,0.0027034594091845943,-0.014004258670948169
2022-01-13,441.92816162109375,4659.02978515625,-0.013778602926198591,-0.027589902477643993
2022-01-14,442.1089172363281,4662.85009765625,0.0004090158331873095,-0.027192171351406162
2022-01-18,434.2794189453125,4577.10986328125,-0.017709433096167126,-0.04442004650828601
2022-01-19,429.77001953125,4532.759765625,-0.010383636012533115,-0.05434244092621728
2022-01-20,425.0132751464844,4482.72998046875,-0.01106811589592449,-0.06480908838790302
2022-01-21,416.66998291015625,4397.93994140625,-0.01963066267389535,-0.08316750570945282
2022-01-24,418.4394836425781,4410.1298828125,0.004246767957852615,-0.07927393084998156
2022-01-25,413.33074951171875,4356.4501953125,-0.012209015474321627,-0.09051508967584544
2022-01-26,412.2938232421875,4349.93017578125,-0.0025087082699658536,-0.09279672199178483
2022-01-27,410.2578125,4326.509765625,-0.00493825186653718,-0.0972767202727376
2022-01-28,420.44683837890625,4431.85009765625,0.024835665692304776,-0.07485698668477038
2022-01-31,428.0195007324219,4515.5498046875,0.01801098655590594,-0.0581942483096595
2022-02-01,430.91162109375,4546.5400390625,0.006756982699104075,-0.05183048313957119
2022-02-02,435.09747314453125,4589.3798828125,0.009713945611762753,-0.042620016022057526
2022-02-03,424.8705749511719,4477.43994140625,-0.023504843913359608,-0.06512308311123377
2022-02-04,426.8683776855469,4500.52978515625,0.004702144257941576,-0.06072715698460311
2022-02-07,425.4984436035156,4483.8701171875,-0.0032092657916216183,-0.06374153318869162
2022-02-08,428.9993896484375,4521.5400390625,0.008227870389542646,-0.0560381198726562
2022-02-09,435.2782897949219,4587.18017578125,0.014636151700891498,-0.04222215059525369
2022-02-10,427.4582214355469,4504.080078125,-0.01796567516165204,-0.05942927631468503
2022-02-11,419.0293273925781,4418.64013671875,-0.019718638267528732,-0.07797605018006348
2022-02-14,417.659423828125,4401.669921875,-0.0032692307552251165,-0.08099035923386899
2022-02-15,424.3948974609375,4471.06982421875,0.01612671293533241,-0.06616975457243064
2022-02-16,424.8705749511719,4475.009765625,0.0011208369683053387,-0.06512308311123377
2022-02-17,415.7947692871094,4380.259765625,-0.021361342015990492,-0.08509330867574941
2022-02-18,413.10247802734375,4348.8701171875,-0.0064750484100163375,-0.09101737379272185
2022-02-22,408.669189453125,4304.759765625,-0.010731692037744933,-0.10077229540483898
2022-02-23,401.4199523925781,4225.5,-0.017738643498541484,-0.11672337508066427
2022-02-24,407.4609375,4288.7001953125,0.015049040466015295,-0.1034309094095677
2022-02-25,416.451171875,4384.64990234375,0.022064039881123598,-0.08364897323859771
2022-02-28,415.38568115234375,4373.93994140625,-0.0025585009590898267,-0.08599345821942966
2022-03-01,409.0592346191406,4306.259765625,-0.015230295169666341,-0.09991404763775377
2022-03-02,416.5843811035156,4386.5400390625,0.018396226872573473,-0.08335586225328147
2022-03-03,414.5103759765625,4363.490234375,-0.004978595504370964,-0.08791946263657528
2022-03-04,411.1427001953125,4328.8701171875,-0.008124466784012241,-0.09532963066672845
2022-03-07,399.02252197265625,4201.08984375,-0.029479249459855583,-0.12199863416324368
2022-03-08,395.997314453125,4170.7001953125,-0.007581545784873134,-0.12865524171751622
2022-03-09,406.6142272949219,4277.8798828125,0.02681056778493285,-0.10529399401153776
2022-03-10,404.7781677246094,4259.52001953125,-0.004515482850974584,-0.10933402363824263
2022-03-11,399.63140869140625,4204.31005859375,-0.012715011439808466,-0.12065885171673056
2022-03-14,396.7107238769531,4173.10986328125,-0.007308446610883035,-0.12708546955171143
2022-03-15,405.4346008300781,4262.4501953125,0.02199052465199025,-0.10788962105080792
2022-03-16,414.4248046875,4357.85986328125,0.02217423929535256,-0.08810775203012093
2022-03-17,419.60955810546875,4411.669921875,0.012510721750543796,-0.07669932184929193
2022-03-18,424.20550537109375,4463.1201171875,0.010952913671403497,-0.06658648922875886
2022-03-21,424.08148193359375,4461.18017578125,-0.0002923664024385708,-0.06685938797889064
2022-03-22,429.0438232421875,4511.60986328125,0.011701386455187812,-0.055940349060601115
2022-03-23,423.5184326171875,4456.240234375,-0.012878382872979932,-0.06809831070033044
2022-03-24,429.9027099609375,4520.16015625,0.015074378945675537,-0.05405047149571212
2022-03-25,432.00213623046875,4543.06005859375,0.00488349159213719,-0.049430934926675246
2022-03-28,435.0749816894531,4575.52001953125,0.007113033018302017,-0.04266950578063211
2022-03-29,440.4572448730469,4631.60009765625,0.012370886422137461,-0.03082647896819561
2022-03-30,437.73748779296875,4602.4501953125,-0.006174849231648016,-0.03681097933987243
2022-03-31,431.0001525878906,4530.41015625,-0.015391268495296484,-0.05163568016857407
2022-04-01,432.2217102050781,4545.85986328125,0.0028342394076958932,-0.04894778864045522
2022-04-04,435.9243469238281,4582.64013671875,0.008566521836659291,-0.040800579104040634
2022-04-05,430.41802978515625,4525.1201171875,-0.012631359495123617,-0.052916571816891925
2022-04-06,426.11419677734375,4481.14990234375,-0.009999193133151896,-0.062386641928502407
2022-04-07,428.2613220214844,4500.2099609375,0.0050388493516035915,-0.05766214946712893
2022-04-08,427.1162109375,4488.27978515625,-0.0026738606199112613,-0.06018182953632058
2022-04-11,419.81573486328125,4412.52978515625,-0.017092481828761663,-0.07624565453731105
2022-04-12,418.2602233886719,4397.4501953125,-0.0037052243292309273,-0.07966837161235216
2022-04-13,423.0508117675781,4446.58984375,0.0114536073741216,-0.06912725448681403
2022-04-14,417.7830810546875,4392.58984375,-0.012451768360592808,-0.08071826628713327
2022-04-18,417.9549255371094,4391.68994140625,0.00041132465677651275,-0.08034014304353286
2022-04-19,424.7016906738281,4462.2099609375,0.016142327137426582,-0.06549469277738271
2022-04-20,424.3868103027344,4459.4501953125,-0.0007414153934592882,-0.06618754939742694
2022-04-21,418.04071044921875,4393.66015625,-0.014953574662201818,-0.08015138359800618
2022-04-22,406.5700988769531,4271.77978515625,-0.027438982102818477,-0.1053910933207628
2022-04-25,408.9271545410156,4296.1201171875,0.00579741518270338,-0.10020467406259884
2022-04-26,397.0843200683594,4175.2001953125,-0.028960743597349903,-0.12626341578716582
2022-04-27,398.20086669921875,4183.9599609375,0.0028118628070410434,-0.12380658838286673
2022-04-28,408.2591552734375,4287.5,0.025259333706614706,-0.10167452660729238
2022-04-29,393.1717224121094,4131.93017578125,-0.03695552853241735,-0.13487261927065392
2022-05-02,395.5383605957031,4155.3798828125,0.006019349939701657,-0.12966511482362642
2022-05-03,397.3515625,4175.47998046875,0.004584136672777017,-0.1256753807588922
2022-05-04,409.45208740234375,4300.169921875,0.030452944053400488,-0.09904962204463211
2022-05-05,394.8989562988281,4146.8701171875,-0.03554294031285554,-0.13107204755314442
2022-05-06,392.5419006347656,4123.33984375,-0.005968756377970452,-0.13625846681130838
2022-05-09,379.97369384765625,3991.239990234375,-0.03201749104181173,-0.16391330361261808
2022-05-10,380.85162353515625,4001.050048828125,0.002310501231308937,-0.16198152427113405
2022-05-11,374.80145263671875,3935.179931640625,-0.01588590024187997,-0.17529420217741506
2022-05-12,374.41015625,3930.080078125,-0.0010440097922940206,-0.1761552031061035
2022-05-13,383.36151123046875,4023.889892578125,0.02390788505879038,-0.1564588163956817
2022-05-16,381.8059997558594,4008.010009765625,-0.00405755775955885,-0.15988153347072281
2022-05-17,389.65985107421875,4088.85009765625,0.020570266898323863,-0.14260007238800507
2022-05-18,373.9520568847656,3923.679931640625,-0.040311554157169915,-0.17716319600428956
2022-05-19,371.6617736816406,3900.7900390625,-0.006124536985314011,-0.18220269044323886
2022-05-20,371.8240051269531,3901.360107421875,0.00043650290882868426,-0.181845719538785
2022-05-23,378.78082275390625,3973.75,0.018709974426147857,-0.16653807387471234
2022-05-24,375.88934326171875,3941.47998046875,-0.00763364805843425,-0.17290042888885757
2022-05-25,379.2102355957031,3978.72998046875,0.008834760531298613,-0.16559320224255086
2022-05-26,386.78741455078125,4057.840087890625,0.019981472660344002,-0.14892052562555524
2022-05-27,396.2826843261719,4158.240234375,0.02454906601968565,-0.1280273194211377
2022-05-31,394.0592041015625,4132.14990234375,-0.005610843755109118,-0.13291982189058935
2022-06-01,390.871826171875,4101.22998046875,-0.008088576276132353,-0.13993326604874975
2022-06-02,398.31536865234375,4176.81982421875,0.01904343567908029,-0.12355464052103247
2022-06-03,391.7784423828125,4108.5400390625,-0.01641143371306064,-0.13793836544124116
2022-06-06,392.9713439941406,4121.43017578125,0.0030448372913856048,-0.13531352802886387
2022-06-07,396.74072265625,4160.68017578125,0.009591993715871494,-0.12701946082351764
2022-06-08,392.4273376464844,4115.77001953125,-0.010872050090766416,-0.13651054897370865
2022-06-09,383.09429931640625,4017.820068359375,-0.023782844452304053,-0.15704678427367233
2022-06-10,371.9862060546875,3900.860107421875,-0.028995715367052033,-0.18148881578461412
2022-06-13,357.8626708984375,3749.6298828125,-0.03796790022416485,-0.2125659667592669
2022-06-14,356.7842102050781,3735.47998046875,-0.0030136160629770092,-0.21493899061037594
2022-06-15,361.87066650390625,3789.989990234375,0.014256394070534917,-0.2037468514911056
2022-06-16,349.8941955566406,3666.77001953125,-0.03309599825532239,-0.23009964430495092
2022-06-17,350.6484069824219,3674.840087890625,0.0021555414046849908,-0.22844009221076864
2022-06-21,359.4755554199219,3764.7900390625,0.025173787365708744,-0.20901700715217664
2022-06-22,358.8238525390625,3759.889892578125,-0.001812926834755424,-0.2104510014457456
2022-06-23,362.3412170410156,3795.72998046875,0.009802482407632596,-0.20271146127745354
2022-06-24,373.86138916015625,3911.739990234375,0.03179371149994403,-0.17736269949509703
2022-06-27,372.43341064453125,3900.110107421875,-0.003819539960606355,-0.1805047955374608
2022-06-28,364.8235168457031,3821.550048828125,-0.020432897751193946,-0.1972494572578376
2022-06-29,364.52642822265625,3818.830078125,-0.0008143351766780604,-0.19790316526289
2022-06-30,361.5649108886719,3785.3798828125,-0.008124287032970523,-0.2044196301765314
2022-07-01,365.3889465332031,3825.330078125,0.01057634612587921,-0.19600529681432344
2022-07-05,366.0790710449219,3831.389892578125,0.0018887394330524554,-0.19448676031445133
2022-07-06,367.3154296875,3845.080078125,0.0033772994425742553,-0.19176630089907515
2022-07-07,372.8168029785156,3902.6201171875,0.014977245294857333,-0.17966118653207064
2022-07-08,372.5100402832031,3899.3798828125,-0.0008228242205332581,-0.18033618117683556
2022-07-11,368.2546691894531,3854.429931640625,-0.011423507110076336,-0.1896996166390343
2022-07-12,364.9960021972656,3818.800048828125,-0.008848949558087016,-0.1968699238582941
2022-07-13,363.0792236328125,3801.780029296875,-0.005251505640922582,-0.20108756598354685
2022-07-14,362.197509765625,3790.3798828125,-0.002428433823245091,-0.20302767196012347
2022-07-15,369.1172180175781,3863.159912109375,0.01910479245545016,-0.18780168104018474
2022-07-18,366.0694580078125,3830.85009765625,-0.008256889305067516,-0.19450791265359788
2022-07-19,375.9603271484375,3936.68994140625,0.027019105047583425,-0.17274423733058822
2022-07-20,378.35650634765625,3959.89990234375,0.006373489504579277,-0.16747173140961202
2022-07-21,382.2093505859375,3998.949951171875,0.01018310554633639,-0.15899400818024748
2022-07-22,378.6632080078125,3961.6298828125,-0.00927801104993553,-0.1667968710654131
2022-07-25,379.12322998046875,3966.840087890625,0.0012148578550223998,-0.16578464769939774
2022-07-26,374.6378173828125,3921.050048828125,-0.011831014939093332,-0.17565426199488718
2022-07-27,384.36578369140625,4023.610107421875,0.02596632229109308,-0.1542490348825575
2022-07-28,389.1866149902344,4072.429931640625,0.01254230085864938,-0.14364137182656156
2022-07-29,394.86041259765625,4130.2900390625,0.014578604167988285,-0.13115685836057955
2022-08-01,393.691162109375,4118.6298828125,-0.002961174255451837,-0.13372965430362807
2022-08-02,391.0939025878906,4091.18994140625,-0.006597200474525278,-0.13944461343932335
2022-08-03,397.2182312011719,4155.169921875,0.01565948375251125,-0.12596876034534046
2022-08-04,396.94989013671875,4151.93994140625,-0.0006755507259615934,-0.12655921278380228
2022-08-05,396.2789611816406,4145.18994140625,-0.0016902107085784435,-0.1280355117556643
2022-08-08,395.8188781738281,4140.06005859375,-0.0011610079082690072,-0.1290478694222457
2022-08-09,394.2471008300781,4122.47021484375,-0.003970950933420925,-0.1325063775981284
2022-08-10,402.5278625488281,4210.240234375,0.021003988872245527,-0.11428555120645556
2022-08-11,402.5278625488281,4207.27001953125,0.0,-0.11428555120645556
2022-08-12,409.34228515625,4280.14990234375,0.01692907060960347,-0.09929122876288363
2022-08-15,411.0290222167969,4297.14013671875,0.004120603030060899,-0.09557976547092158
2022-08-16,411.8341064453125,4305.2001953125,0.0019587040938704448,-0.09380827385497016
2022-08-17,408.9109802246094,4274.0400390625,-0.007097824524378682,-0.10024026371259141
2022-08-18,410.0994567871094,4283.740234375,0.0029064432602108337,-0.09762516309124984
2022-08-19,404.5884704589844,4228.47998046875,-0.01343817027045191,-0.10975142979740088
2022-08-22,396.1639709472656,4137.990234375,-0.02082239145905862,-0.12828853402202664
2022-08-23,395.2054748535156,4128.72998046875,-0.0024194428671999724,-0.13039759011064353
2022-08-24,396.4706726074219,4140.77001953125,0.003201366970878139,-0.12761367367782772
2022-08-25,402.06787109375,4199.1201171875,0.014117559943381597,-0.11529770742218794
2022-08-26,388.4582214355469,4057.659912109375,-0.03384913502583686,-0.14524411478132174
2022-08-29,385.8896484375,4030.610107421875,-0.006612224574768177,-0.15089595265099245
2022-08-30,381.6534118652344,3986.159912109375,-0.01097784454550288,-0.16021728488574716
2022-08-31,378.7494201660156,3955.0,-0.007608976125815903,-0.16660717151592436
2022-09-01,379.9378356933594,3966.85009765625,0.0031377355688699815,-0.1639922051951488
2022-09-02,375.931640625,3924.260009765625,-0.01054434355306666,-0.1728073585966128
2022-09-06,374.5131530761719,3908.18994140625,-0.0037732592725364666,-0.17592857090096206
2022-09-07,381.2412109375,3979.8701171875,0.01796481059761268,-0.1611242837582939
2022-09-08,383.7331848144531,4006.179931640625,0.006536475610349646,-0.15564099309896542
2022-09-09,389.694580078125,4067.360107421875,0.015535261216864438,-0.14252365536594555
2022-09-12,393.8829040527344,4110.41015625,0.010747709074552025,-0.1333077490755085
2022-09-13,376.7558898925781,3932.68994140625,-0.04348250199217385,-0.17099369660293434
2022-09-14,378.19354248046875,3946.010009765625,0.0038158728939858833,-0.167830313920858
2022-09-15,373.8998107910156,3901.35009765625,-0.011353265476961139,-0.1772781572887939
2022-09-16,371.04730224609375,3873.330078125,-0.0076290719133748075,-0.1835547613915419
2022-09-19,373.9247741699219,3899.889892578125,0.00775500025578868,-0.17722322835729593
2022-09-20,369.6327209472656,3855.929931640625,-0.011478386881918157,-0.18666737845966652
2022-09-21,363.1849060058594,3789.929931640625,-0.017443842430622247,-0.200855024553501
2022-09-22,360.1341857910156,3757.989990234375,-0.008399909149293006,-0.20756776974436558
2022-09-23,354.1002197265625,3693.22998046875,-0.01675477170044226,-0.22084479085037104
2022-09-26,350.5971984863281,3655.0400390625,-0.00989273952707348,-0.22855277038565078
2022-09-27,349.70220947265625,3647.2900390625,-0.0025527557480091723,-0.23052208673533456
2022-09-28,356.5830993652344,3719.0400390625,0.019676426703034933,-0.215381510975378
2022-09-29,349.1343994140625,3640.469970703125,-0.020889099804313638,-0.2317714849009231
2022-09-30,343.7355651855469,3585.6201171875,-0.015463484083998225,-0.24365097431703125
2022-10-03,352.8106384277344,3678.429931640625,0.0264013217174337,-0.22368236035930775
2022-10-04,363.7430114746094,3790.929931640625,0.03098651757099513,-0.19962698017790795
2022-10-05,362.8961181640625,3783.280029296875,-0.0023282737642534856,-0.20149046768157605
2022-10-06,359.152587890625,3744.52001953125,-0.010315707680689679,-0.20972765859721715
2022-10-07,349.1343994140625,3639.659912109375,-0.027893961548213553,-0.2317714849009231
2022-10-10,346.46868896484375,3612.389892578125,-0.007635198518657904,-0.23763706212139832
2022-10-11,344.27447509765625,3588.840087890625,-0.006333079833976463,-0.2424651674694483
2022-10-12,343.138916015625,3577.030029296875,-0.0032984120641216252,-0.24496382950005943
2022-10-13,352.1947021484375,3669.909912109375,0.026391020400612808,-0.22503765452119498
2022-10-14,344.1686706542969,3583.070068359375,-0.02278862074068888,-0.2426979775006262
2022-10-17,353.0127258300781,3677.949951171875,0.025696862991532177,-0.2232376911852495
2022-10-18,357.1604919433594,3719.97998046875,0.01174962206681962,-0.2141110276209259
2022-10-19,354.6294860839844,3695.159912109375,-0.007086466494665933,-0.21968020349221762
2022-10-20,351.65576171875,3665.780029296875,-0.008385440246584941,-0.22622352851906094
2022-10-21,360.20159912109375,3752.75,0.02430171301779671,-0.20741943476920782
2022-10-24,364.60919189453125,3797.340087890625,0.012236460871334787,-0.1977210536953808
2022-10-25,370.4314880371094,3859.110107421875,0.015968593968586298,-0.18490978695229712
2022-10-26,367.64056396484375,3830.60009765625,-0.007534251710227258,-0.19105088178394128
2022-10-27,365.6773681640625,3807.300048828125,-0.005339986914417283,-0.1953706594896444
2022-10-28,374.3770751953125,3901.06005859375,0.0237906629959852,-0.17622799401288078
2022-10-31,371.6728515625,3871.97998046875,-0.007223261818052551,-0.18217831489050812
2022-11-01,370.0464782714844,3856.10009765625,-0.004375819444918827,-0.1857569549226865
2022-11-02,360.759765625,3759.68994140625,-0.025096070876997167,-0.2061912560930488
2022-11-03,357.04498291015625,3719.889892578125,-0.010297109236691249,-0.21436519144209934
2022-11-04,362.18402099609375,3770.550048828125,0.01439325108016054,-0.20305735238521164
2022-11-07,365.6485290527344,3806.800048828125,0.009565601616306596,-0.19543411650708403
2022-11-08,367.6213684082031,3828.110107421875,0.005395452733201633,-0.19109311931195133
2022-11-09,360.0475769042969,3748.570068359375,-0.020602152526390638,-0.2077583422475334
2022-11-10,379.83367919921875,3956.3701171875,0.05495413263170268,-0.16422138911104442
2022-11-11,383.5098876953125,3992.929931640625,0.00967846901792413,-0.15613233171971203
2022-11-14,380.2474670410156,3957.25,-0.008506744568966051,-0.1633108984237814
2022-11-15,383.49066162109375,3991.72998046875,0.008529168137044518,-0.1561746363980051
2022-11-16,380.5650939941406,3958.7900390625,-0.007628784530465893,-0.16261199827826675
2022-11-17,379.4006042480469,3946.56005859375,-0.003059896360625425,-0.16517431877716648
2022-11-18,381.1231994628906,3965.340087890625,0.00454030698832919,-0.1613839539026737
2022-11-21,379.7374267578125,3949.93994140625,-0.0036360229632598218,-0.16443318110364177
2022-11-22,384.84759521484375,4003.580078125,0.01345711035296615,-0.15318886621447667
2022-11-23,387.2727355957031,4027.260009765625,0.006301560438504383,-0.14785263467492885
2022-11-25,387.18609619140625,4026.1201171875,-0.00022371676685062347,-0.14804327432837966
2022-11-28,381.00775146484375,3963.93994140625,-0.015957041813578487,-0.16163798342328115
2022-11-29,380.35333251953125,3957.6298828125,-0.0017176000824038473,-0.1630779540920375
2022-11-30,392.3347473144531,4080.110107421875,0.031500748831500225,-0.13671428293234542
2022-12-01,392.0460510253906,4076.570068359375,-0.0007358417551304175,-0.13734952460957148
2022-12-02,391.5937194824219,4071.699951171875,-0.0011537714556381085,-0.13834482610426962
2022-12-05,384.54931640625,3998.840087890625,-0.01798906041057713,-0.15384519308056624
2022-12-06,379.006103515625,3941.260009765625,-0.014414829656774097,-0.1660423704855704
2022-12-07,378.3612976074219,3933.919921875,-0.0017013074518377191,-0.16746118881518027
2022-12-08,381.3253173828125,3963.510009765625,0.007833834470210688,-0.1609392175783325
2022-12-09,378.47674560546875,3934.3798828125,-0.0074701879143368455,-0.16720715929457286
2022-12-12,383.933349609375,3990.56005859375,0.014417276800393841,-0.1552005543927365
2022-12-13,386.83966064453125,4019.64990234375,0.007569832206848481,-0.1488055643410509
2022-12-14,384.3664245605469,3995.320068359375,-0.0063934398036220585,-0.1542476247266144
2022-12-15,374.96417236328125,3895.75,-0.024461689670255082,-0.1749361568684331
2022-12-16,370.5373229980469,3852.360107421875,-0.011806059595863116,-0.18467690977083623
2022-12-19,367.39520263671875,3817.659912109375,-0.008479902472185441,-0.19159077005930042
2022-12-20,367.8979797363281,3821.6201171875,0.00136849119422644,-0.19048446914679523
2022-12-21,373.3989562988281,3878.43994140625,0.01495245112909438,-0.1783802277334698
2022-12-22,368.07196044921875,3822.389892578125,-0.014266231224669634,-0.19010164538338448
2022-12-23,370.1892395019531,3844.820068359375,0.005752350845063869,-0.18544282589878974
2022-12-27,368.7294006347656,3829.25,-0.003943493520102148,-0.1886550268366106
2022-12-28,364.1468811035156,3783.219970703125,-0.01242786586413025,-0.19873831333262154
2022-12-29,370.70166015625,3849.280029296875,0.018000371259176307,-0.18431530549685501
2022-12-30,369.7251892089844,3839.5,-0.002634115387705749,-0.18646391310216176
2023-01-03,368.16864013671875,3824.139892578125,-0.004210016297769181,-0.18988891328682506
2023-01-04,371.0110778808594,3852.969970703125,0.007720477613424981,-0.18363446877746867
2023-01-05,366.7765197753906,3808.10009765625,-0.011413562445778402,-0.1929521077466581
2023-01-06,375.1875,3895.080078125,0.02293216651316765,-0.1744447510974035
2023-01-09,374.9747619628906,3892.090087890625,-0.0005670179233300265,-0.17491285572023044
2023-01-10,377.60443115234375,3919.25,0.007012923151647588,-0.16912658298398398
2023-01-11,382.38031005859375,3969.610107421875,0.012647835968649268,-0.1586178322948542
2023-01-12,383.7724609375,3983.169921875,0.0036407493855865614,-0.15555457068473816
2023-01-13,385.2613525390625,3999.090087890625,0.0038796207469533606,-0.15227844267749666
2023-01-17,384.55548095703125,3990.969970703125,-0.0018321889215702214,-0.15383162872339926
2023-01-18,378.48419189453125,3928.860107421875,-0.015787810506277422,-0.16719077462551965
2023-01-19,375.7288818359375,3898.85009765625,-0.007279855057622964,-0.17325350507689716
2023-01-20,382.7283630371094,3972.610107421875,0.018629074153070357,-0.1578519833171837
2023-01-23,387.3205261230469,4019.81005859375,0.011998491696556757,-0.1477474773317432
2023-01-24,386.9048767089844,4016.949951171875,-0.0010731406833069945,-0.1486620641862695
2023-01-25,387.0498352050781,4016.219970703125,0.000374661847963198,-0.14834310034199638
2023-01-26,391.30364990234375,4060.429931640625,0.010990353981191525,-0.1389830895442309
2023-01-27,392.2027893066406,4070.56005859375,0.002297804798195191,-0.13700464075605848
2023-01-30,387.2818603515625,4017.77001953125,-0.01254689943377918,-0.14783255674031037
2023-01-31,392.9762268066406,4076.60009765625,0.014703416395255298,-0.13530278398358309
2023-02-01,397.1527099609375,4119.2099609375,0.010627826492801695,-0.12611293200295193
2023-02-02,402.9340515136719,4179.759765625,0.014556973697354314,-0.11339178093966076
2023-02-03,398.65118408203125,4136.47998046875,-0.010629202013459738,-0.12281571880684691
2023-02-06,396.21490478515625,4111.080078125,-0.006111305808572998,-0.1281764601996915
2023-02-07,401.3968505859375,4164.0,0.013078624095656188,-0.11677420784489896
2023-02-08,397.0076599121094,4117.85986328125,-0.01093479101149153,-0.12643209729807406
2023-02-09,393.56591796875,4081.5,-0.00866920790425385,-0.13400523906508005
2023-02-10,394.484375,4090.4599609375,0.002333680304408281,-0.13198428414776553
2023-02-13,399.115234375,4137.2900390625,0.011739018497247233,-0.1217946316034749
2023-02-14,398.93157958984375,4136.1298828125,-0.0004601547857321364,-0.1221987420065982
2023-02-15,400.22711181640625,4147.60009765625,0.00324750481747893,-0.11934807819247555
2023-02-16,394.7164001464844,4090.409912109375,-0.013768961440197902,-0.13147374054607952
2023-02-17,393.7303161621094,4079.090087890625,-0.0024982088000626845,-0.1336435004905328
2023-02-21,385.8316955566406,3997.340087890625,-0.020060991702291697,-0.1510234710384187
2023-02-22,385.29998779296875,3991.050048828125,-0.0013780821269874233,-0.1521934304192125
2023-02-23,387.3495788574219,4012.320068359375,0.005319468282865447,-0.14768355026232258
2023-02-24,383.2117614746094,3970.0400390625,-0.010682385133909178,-0.1567883228343866
2023-02-27,384.51690673828125,3982.239990234375,0.0034058069059510476,-0.15391650668111742
2023-02-28,383.095703125,3970.14990234375,-0.003696075746933536,-0.1570436953606541
2023-03-01,381.6262512207031,3951.389892578125,-0.0038357305819674004,-0.1602770486376215
2023-03-02,384.59423828125,3981.35009765625,0.007777208855662243,-0.15374634786398308
2023-03-03,390.76226806640625,4045.639892578125,0.016037759204925006,-0.14017433556473724
2023-03-06,391.03302001953125,4048.419921875,0.0006928815171043379,-0.13957857825391806
2023-03-07,385.0389709472656,3986.3701171875,-0.015328754262149635,-0.15276776678975312
2023-03-08,385.6673889160156,3992.010009765625,0.0016320892589234415,-0.1513850081621169
2023-03-09,378.5518493652344,3918.320068359375,-0.01844993835434383,-0.16704190244809786
2023-03-10,373.08953857421875,3861.590087890625,-0.014429491759649249,-0.17906106445285613
2023-03-13,372.55780029296875,3855.760009765625,-0.0014252296735043357,-0.18023109098393295
2023-03-14,378.71624755859375,3919.2900390625,0.01653017937292467,-0.16668016387355064
2023-03-15,376.34759521484375,3891.929931640625,-0.006254424939567849,-0.17189210023925647
2023-03-16,382.95068359375,3960.280029296875,0.017545185522274354,-0.15736279350549323
2023-03-17,378.4729919433594,3916.639892578125,-0.011692606495359414,-0.16721541877938245
2023-03-20,382.11224365234375,3951.570068359375,0.009615617987158709,-0.15920768038076896
2023-03-21,387.12957763671875,4002.8701171875,0.013130523995823262,-0.14816763665250468
2023-03-22,380.53033447265625,3936.969970703125,-0.017046600273604495,-0.1626884824506093
2023-03-23,381.55908203125,3948.719970703125,0.0027034574261193267,-0.1604248464105152
2023-03-24,384.0628662109375,3970.989990234375,0.006561982921120535,-0.15491556859166383
2023-03-27,384.781005859375,3977.530029296875,0.0018698492138082834,-0.1533353881319933
2023-03-28,383.91729736328125,3971.27001953125,-0.002244675498377924,-0.15523587544159706
2023-03-29,389.49749755859375,4027.81005859375,0.01453490174482086,-0.14295731189359098
2023-03-30,391.7781066894531,4050.830078125,0.0058552600341579275,-0.1379391040943542
2023-03-31,397.3000793457031,4109.31005859375,0.014094643273742324,-0.12578866328632143
2023-04-03,398.81402587890625,4124.509765625,0.003810587039641211,-0.12245740489673294
2023-04-04,396.6013488769531,4100.60009765625,-0.0055481423881139635,-0.12732613616600086
2023-04-05,395.5629577636719,4090.3798828125,-0.0026182238568316363,-0.1296109916955245
2023-04-06,397.10595703125,4105.02001953125,0.0039007678481866037,-0.12621580623651538
2023-04-10,397.5135803222656,4109.10986328125,0.0010264849564660672,-0.12531887990641938
2023-04-11,397.62030029296875,4108.93994140625,0.000268468741663197,-0.12508405536675135
2023-04-12,395.9996643066406,4091.949951171875,-0.004075838142906796,-0.12865007114572485
2023-04-13,401.25958251953125,4146.22021484375,0.013282633009551237,-0.11707624981785486
2023-04-14,400.2794189453125,4137.64013671875,-0.0024427169266942883,-0.1192329826074052
2023-04-17,401.7156982421875,4151.31982421875,0.003588191720322431,-0.1160726216880641
2023-04-18,401.9777526855469,4154.8701171875,0.000652338070197489,-0.11549600220790131
2023-04-19,401.9098205566406,4154.52001953125,-0.00016899474772524847,-0.11564547873787014
2023-04-20,399.71661376953125,4129.7900390625,-0.00545696242025584,-0.12047136812658096
2023-04-21,400.027099609375,4133.52001953125,0.0007767649108094687,-0.11978818114728945
2023-04-24,400.4444274902344,4137.0400390625,0.0010432490230458669,-0.11886990102719788
2023-04-25,394.08782958984375,4071.6298828125,-0.015873857804016067,-0.13285683492513078
2023-04-26,392.41864013671875,4055.989990234375,-0.004235577269316448,-0.13652968680436503
2023-04-27,400.23089599609375,4135.35009765625,0.01990796323195343,-0.11933975155738294
2023-04-28,403.6469421386719,4169.47998046875,0.008535188504316338,-0.11182315032866706
2023-05-01,403.2393493652344,4167.8701171875,-0.001009775451977668,-0.11272000950848007
2023-05-02,398.7072448730469,4119.580078125,-0.011239241654669274,-0.12269236373696697
2023-05-03,395.97052001953125,4090.75,-0.00686399579818775,-0.12871419966599448
2023-05-04,393.1658935546875,4061.219970703125,-0.007082917346234341,-0.13488544497470784
2023-05-05,400.4444274902344,4136.25,0.01851262801495901,-0.11886990102719788
2023-05-08,400.5511474609375,4138.1201171875,0.00026650382269521877,-0.11863507648752986
2023-05-09,398.7945861816406,4119.169921875,-0.004385360747139466,-0.12250017962700704
2023-05-10,400.65789794921875,4137.64013671875,0.004672359736421994,-0.11840018479757883
2023-05-11,399.9591369628906,4130.6201171875,-0.0017440339748816536,-0.11993772482754128
2023-05-12,399.4350891113281,4124.080078125,-0.0013102534812478028,-0.12109082948730088
2023-05-15,400.81317138671875,4136.27978515625,0.0034500781552682103,-0.11805852415765006
2023-05-16,398.1346740722656,4109.89990234375,-0.006682657920612178,-0.1239522373467043
2023-05-17,402.9676208496094,4158.77001953125,0.01213897480445647,-0.11331791562835541
2023-05-18,406.8494873046875,4198.0498046875,0.009633196947421485,-0.10477633247985324
2023-05-19,406.2575378417969,4191.97998046875,-0.0014549593433488273,-0.10607884651929865
2023-05-22,406.4224853515625,4192.6298828125,0.00040601710590260076,-0.10571589923965735
2023-05-23,401.8612365722656,4145.580078125,-0.01122292428124716,-0.1157523819884139
2023-05-24,398.9498291015625,4115.240234375,-0.00724480792309401,-0.12215858613736127
2023-05-25,402.40472412109375,4151.27978515625,0.008659973679677302,-0.1145565025983802
2023-05-26,407.6161804199219,4205.4501953125,0.012950783095826424,-0.10308931591992194
2023-05-30,407.7714538574219,4205.52001953125,0.0003809305051138967,-0.10274765527999317
2023-05-31,405.51025390625,4179.830078125,-0.00554526298930802,-0.10772315549923885
2023-06-01,409.363037109375,4221.02001953125,0.009501074673233134,-0.09924556657044031
2023-06-02,415.2828674316406,4282.3701171875,0.014461076808661488,-0.08621968752287307
2023-06-05,414.48712158203125,4273.7900390625,-0.0019161538122935973,-0.08797063115222499
2023-06-06,415.38958740234375,4283.85009765625,0.0021773072631736667,-0.08598486298320504
2023-06-07,413.95330810546875,4267.52001953125,-0.0034576680312494723,-0.08914522390254613
2023-06-08,416.4571228027344,4293.93017578125,0.00604854375660091,-0.08363587893341176
2023-06-09,417.20440673828125,4298.85986328125,0.0017943838504135279,-0.08199156995347157
2023-06-12,420.9892272949219,4338.93017578125,0.009071861407770054,-0.07366352470492486
2023-06-13,423.7647705078125,4369.009765625,0.006592907924805935,-0.06755627361591515
2023-06-14,424.2693786621094,4372.58984375,0.0011907741969494623,-0.06644594368642967
2023-06-15,429.52935791015625,4425.83984375,0.012397734817991557,-0.05487198805799367
2023-06-16,428.0662536621094,4409.58984375,-0.0034062962661399743,-0.05809137407609604
2023-06-20,425.8453369140625,4388.7099609375,-0.005188254689658223,-0.06297823592177529
2023-06-21,423.6634826660156,4365.68994140625,-0.005123583749578997,-0.06777914540520831
2023-06-22,425.19268798828125,4381.89013671875,0.003609481073616916,-0.06441431187411739
2023-06-23,421.9783020019531,4348.330078125,-0.007559833640452207,-0.0714871840327371
2023-06-26,420.2541809082031,4328.81982421875,-0.004085805088959282,-0.0752809064213801
2023-06-27,424.8616027832031,4378.41015625,0.010963417104008277,-0.0651428252944372
2023-06-28,425.0758972167969,4376.85986328125,0.0005043864453504465,-0.06467129600717703
2023-06-29,426.75128173828125,4396.43994140625,0.00394137736920408,-0.06098481262049279
2023-06-30,431.7872009277344,4450.3798828125,0.011800595346639353,-0.04990387436987853
2023-07-03,432.2840270996094,4455.58984375,0.0011506273710928383,-0.04881066776255929
2023-07-05,431.6411437988281,4446.81982421875,-0.0014871780137115653,-0.050225255624339826
2023-07-06,428.2610778808594,4411.58984375,-0.007830731538289282,-0.05766268666939297
2023-07-07,427.17987060546875,4398.9501953125,-0.0025246452018024,-0.06004175404597243
2023-07-10,428.2610778808594,4409.52978515625,0.002531035167593787,-0.05766268666939297
2023-07-11,430.9884338378906,4439.259765625,0.006368442284147902,-0.05166146587724794
2023-07-12,434.4561767578125,4472.16015625,0.008046023159002491,-0.04403111206912182
2023-07-13,437.9044494628906,4510.0400390625,0.007936986259031498,-0.0364436001415528
2023-07-14,437.6316223144531,4505.419921875,-0.0006230289479181028,-0.03704392367161631
2023-07-17,439.1512451171875,4522.7900390625,0.003472378880433169,-0.033700175329388925
2023-07-18,442.41436767578125,4554.97998046875,0.007430521021801972,-0.02652006416881044
2023-07-19,443.3981628417969,4565.72021484375,0.002223696240210238,-0.02435534049558252
2023-07-20,440.45648193359375,4534.8701171875,-0.006634400308177857,-0.030828157725270734
2023-07-21,440.45648193359375,4536.33984375,0.0,-0.030828157725270734
2023-07-24,442.4241027832031,4554.64013671875,0.004467230998557614,-0.026498643228531887
2023-07-25,443.6319885253906,4567.4599609375,0.002730153566654625,-0.023840835027199223
2023-07-26,443.7001647949219,4566.75,0.00015367753294315278,-0.023690821294966347
2023-07-27,440.7584533691406,4537.41015625,-0.006629953421678159,-0.030163705674937567
2023-07-28,445.0736083984375,4582.22998046875,0.00979029442614654,-0.020668722808332277
2023-07-31,445.9210510253906,4588.9599609375,0.0019040505007756892,-0.018804026599570103
2023-08-01,444.6450500488281,4576.72998046875,-0.002861495266097802,-0.021611714232569634
2023-08-02,438.4596252441406,4513.39013671875,-0.01391092693825835,-0.035222002193128245
2023-08-03,437.2030944824219,4501.89013671875,-0.0028657844174799774,-0.03798684794557067
2023-08-04,435.2257080078125,4478.02978515625,-0.004522809878439449,-0.04233785053287107
2023-08-07,439.0245666503906,4518.43994140625,0.008728479436490355,-0.033978916154142134
2023-08-08,437.1153869628906,4499.3798828125,-0.004348685318606216,-0.03817983785892665
2023-08-09,434.19317626953125,4467.7099609375,-0.006685215804602795,-0.044609813208057764
2023-08-10,434.3489990234375,4468.830078125,0.00035887886411534176,-0.04426694386303491
2023-08-11,434.09576416015625,4464.0498046875,-0.0005830216343323258,-0.044824156911409306
2023-08-14,436.49200439453125,4489.72021484375,0.0055200728323414605,-0.03955151668986709
2023-08-15,431.4073486328125,4437.85986328125,-0.011648909282477748,-0.05073969394244012
2023-08-16,428.2416687011719,4404.330078125,-0.007338029687424363,-0.05770539424938406
2023-08-17,424.97845458984375,4370.35986328125,-0.007620029412890195,-0.06488570686081156
2023-08-18,425.1829528808594,4369.7099609375,0.00048119684376235483,-0.06443573281439595
2023-08-21,427.9493713378906,4399.77001953125,0.006506419032765054,-0.058348559660004684
2023-08-22,426.79022216796875,4387.5498046875,-0.002708612858334236,-0.06089912885937858
2023-08-23,431.5437316894531,4436.009765625,0.011137812617491472,-0.05043959932769137
2023-08-24,425.5628662109375,4376.31005859375,-0.01385923381415155,-0.06359977894126835
2023-08-25,428.56304931640625,4405.7099609375,0.007049917517901294,-0.056998234619059805
2023-08-28,431.2807312011719,4433.31005859375,0.006341381715247119,-0.051018300466627316
2023-08-29,437.5148010253906,4497.6298828125,0.014454784026302514,-0.037300974954958946
2023-08-30,439.31683349609375,4514.8701171875,0.004118792019103701,-0.03333581789380451
2023-08-31,438.67388916015625,4507.66015625,-0.0014635094467492227,-0.034750540056151066
2023-09-01,439.49212646484375,4515.77001953125,0.0018652518987487543,-0.03295010666822455
2023-09-05,437.59271240234375,4496.830078125,-0.004321838659041233,-0.03712954028244752
2023-09-06,434.6509704589844,4465.47998046875,-0.006722556980461314,-0.043602491812701746
2023-09-07,433.3165588378906,4451.14013671875,-0.0030700762491905342,-0.04653870508737259
2023-09-08,433.9691467285156,4457.490234375,0.0015060303542868692,-0.0451027634355965
2023-09-11,436.8232421875,4487.4599609375,0.006576724360475961,-0.03882266751813226
2023-09-12,434.4269714355469,4461.89990234375,-0.005485675945156254,-0.044095374889957475
2023-09-13,434.9335021972656,4467.43994140625,0.0011659744790819548,-0.042980814492642676
2023-09-14,438.6836242675781,4505.10009765625,0.008622288352971408,-0.034729119115872516
2023-09-15,433.39825439453125,4450.31982421875,-0.012048249765126973,-0.04635894377976856
2023-09-18,433.6524353027344,4453.52978515625,0.0005864834609410341,-0.04579964907262102
2023-09-19,432.7530822753906,4443.9501953125,-0.002073902863513055,-0.04777856791277447
2023-09-20,428.774658203125,4402.2001953125,-0.009193288818065248,-0.056532614556704046
2023-09-21,421.68768310546875,4330.0,-0.016528437401957863,-0.07212665617779246
2023-09-22,420.7395324707031,4320.06005859375,-0.0022484665138500226,-0.07421294832047069
2023-09-25,422.5087890625,4337.43994140625,0.004205111369990133,-0.07031991066326349
2023-09-26,416.3016662597656,4273.52978515625,-0.014691109305695838,-0.08397794247503856
2023-09-27,416.4677734375,4274.509765625,0.0003990067568711009,-0.08361244348464307
2023-09-28,418.88226318359375,4299.7001953125,0.005797542811451395,-0.07829964739386394
2023-09-29,417.8656311035156,4288.0498046875,-0.002427011524315903,-0.0805366247716051
2023-10-02,417.699462890625,4288.39013671875,-0.00039765944007363885,-0.08090225806256661
2023-10-03,412.10809326171875,4229.4501953125,-0.013386106819989751,-0.09320539861415246
2023-10-04,415.1090393066406,4263.75,0.007281939117405489,-0.08660217553486879
2023-10-05,414.9527282714844,4258.18994140625,-0.0003765541589201282,-0.08694611928441973
2023-10-06,419.87933349609375,4308.5,0.011872690282412446,-0.0761057133475289
2023-10-09,422.56744384765625,4335.66015625,0.006402102073422178,-0.07019084781932813
2023-10-10,424.76690673828125,4358.240234375,0.005204998450893283,-0.0653511926226013
2023-10-11,426.5068359375,4376.9501953125,0.004096197635967913,-0.06152268638736178
2023-10-12,423.90667724609375,4349.60986328125,-0.00609640566649039,-0.06724402479994251
2023-10-13,421.79522705078125,4327.77978515625,-0.004980931673521871,-0.07189001858048331
2023-10-16,426.2331237792969,4373.6298828125,0.010521448427820435,-0.062124957275632435
2023-10-17,426.2135925292969,4373.2001953125,-4.582292860488835e-05,-0.06216793345675555
2023-10-18,420.5342102050781,4314.60009765625,-0.013325202254849122,-0.07466473542452745
2023-10-19,416.8392333984375,4278.0,-0.00878638816290056,-0.08279509023990782
2023-10-20,411.71710205078125,4224.16015625,-0.01228802602359702,-0.09406572804001083
2023-10-23,411.00347900390625,4217.0400390625,-0.001733284926276779,-0.09563597025779665
2023-10-24,414.10223388671875,4247.68017578125,0.007539485773508714,-0.08881753052148238
2023-10-25,408.15899658203125,4186.77001953125,-0.01435210153035138,-0.10189491383611436
2023-10-26,403.2714538574219,4137.22998046875,-0.011974604910189868,-0.11264936741075895
2023-10-27,401.4434509277344,4117.3701171875,-0.004532934112251308,-0.11667166936275053
2023-10-30,406.2430419921875,4166.81982421875,0.011955833513689784,-0.10611074290372596
2023-10-31,408.79437255859375,4193.7998046875,0.006280305882642834,-0.10049684494395301
2023-11-01,413.154052734375,4237.85986328125,0.010664726494385324,-0.09090388981444363
2023-11-02,421.0718688964844,4317.77978515625,0.019164319240503547,-0.07348168173854769
2023-11-03,424.91351318359375,4358.33984375,0.00912348834220933,-0.06502860266304593
2023-11-06,425.8909606933594,4365.97998046875,0.002300344609994287,-0.06287784624868302
2023-11-07,427.1031188964844,4378.3798828125,0.0028461702994391214,-0.06021063700772967
2023-11-08,427.4159240722656,4382.77978515625,0.0007323879455374271,-0.059522346606929774
2023-11-09,424.0826110839844,4347.35009765625,-0.007798757136895262,-0.06685690341841946
2023-11-10,430.7003479003906,4415.240234375,0.015604829444647361,-0.052295364548813894
2023-11-13,430.2897644042969,4411.5498046875,-0.0009532926966400179,-0.05319880445636138
2023-11-14,438.6377258300781,4495.7001953125,0.01940079015669438,-0.03483011314151183
2023-11-15,439.56634521484375,4502.8798828125,0.0021170531627399125,-0.032786797179956716
2023-11-16,440.1039733886719,4508.240234375,0.0012230876628314125,-0.03160381064425996
2023-11-17,440.6513671875,4514.02001953125,0.001243782905692381,-0.030399336018001648
2023-11-20,444.0433349609375,4547.3798828125,0.007697622261079173,-0.02293571636257661
2023-11-21,443.0755920410156,4538.18994140625,-0.0021793884599281554,-0.025065118986943972
2023-11-22,444.78619384765625,4556.6201171875,0.003860744842117736,-0.02130114417367212
2023-11-24,445.0599060058594,4559.33984375,0.0006153791686638321,-0.020698873285401462
2023-11-27,444.2584228515625,4550.43017578125,-0.0018008433100381582,-0.022462441167958303
2023-11-28,444.6982421875,4554.89013671875,0.000990007872252452,-0.02149467128929215
2023-11-29,444.385498046875,4550.580078125,-0.0007032727160930508,-0.02218282738952603
2023-11-30,446.1352233886719,4567.7998046875,0.003937404234582553,-0.01833276591344194
2023-12-01,448.7745056152344,4594.6298828125,0.005915879509614808,-0.012525340838048961
2023-12-04,446.4186706542969,4569.77978515625,-0.005249484833608875,-0.01770907408489273
2023-12-05,446.3307189941406,4567.18017578125,-0.0001970160881205052,-0.01790260120051276
2023-12-06,444.5321350097656,4549.33984375,-0.004029711395237001,-0.021860170279687643
2023-12-07,447.924072265625,4585.58984375,0.007630353328190509,-0.01439661777454561
2023-12-08,449.8497314453125,4604.3701171875,0.0042990749971247855,-0.010159434916938458
2023-12-11,451.5994873046875,4622.43994140625,0.0038896452238690316,-0.006309306290571362
2023-12-12,453.66204833984375,4643.7001953125,0.0045672351123922095,-0.0017708872634043715
2023-12-13,459.9180603027344,4707.08984375,0.013790027148588235,0.0
2023-12-14,461.3941650390625,4719.5498046875,0.0032094950464796046,0.0
2023-12-15,460.6344299316406,4719.18994140625,-0.001646607532103439,-0.0016466075321033902
2023-12-18,463.2255554199219,4740.56005859375,0.0056251233514303944,0.0
2023-12-19,466.0423583984375,4768.3701171875,0.006080845379875743,0.0
2023-12-20,459.5843200683594,4698.35009765625,-0.01385719176315059,-0.013857191763150636
2023-12-21,463.9420471191406,4746.75,0.009481888002909056,-0.0045066961005747
2023-12-22,464.8744201660156,4754.6298828125,0.0020096756753662515,-0.002506077422737956
2023-12-26,466.83734130859375,4774.75,0.0042224761299560765,0.0
2023-12-27,467.6814270019531,4781.580078125,0.0018080937805731168,0.0
2023-12-28,467.85809326171875,4783.35009765625,0.0003777491462471083,0.0
2023-12-29,466.5036315917969,4769.830078125,-0.0028950266959776316,-0.002895026695977646
